Business Name,Profile URL,Phone,Address,BBB Rating
The Plumber,https://www.bbb.org/us/tx/mineral-wells/profile/plumber/the-plumber-0825-1000137758,(940) 654-5311,"908 W Hubbard St, Mineral Wells, TX 76067-4855",BBB Rating: A+
The Plumber,https://www.bbb.org/us/tx/huntsville/profile/plumber/the-plumber-0825-1000199483,(936) 223-3635,"1233 11th St, Huntsville, TX 77340",BBB Rating: A+
Mr. Plumber,https://www.bbb.org/us/ok/fort-gibson/profile/plumber/mr-plumber-1025-38001004,(918) 687-9392,"7230 N 49th St E, Fort Gibson, OK 74434-3600",BBB Rating: A+
Magic Plumber,https://www.bbb.org/us/az/mesa/profile/plumber/magic-plumber-1126-27006230,(602) 628-8520,"1032 N. Forest, Mesa, AZ 85203",BBB Rating: A+
Pocket Plumber,https://www.bbb.org/us/tx/san-antonio/profile/plumber/pocket-plumber-0825-1000216733,(210) 753-2290,"San Antonio, TX 78245-3195",BBB Rating: A-
M.R. Plumber,https://www.bbb.org/us/tx/lubbock/profile/plumber/mr-plumber-0875-65619,(806) 543-4921,"4413 52nd St, Lubbock, TX 79414-4002",BBB Rating: A+
Mister Plumber,https://www.bbb.org/us/oh/hopedale/profile/plumber/mister-plumber-0282-25000581,(740) 937-2149,"217 Carson St, Hopedale, OH 43976",BBB Rating: A+
Brother Plumber,https://www.bbb.org/us/tx/howe/profile/plumber/brother-plumber-0875-91224928,(469) 968-4487,"Howe, TX 75459-4655",BBB Rating: A+
Plumber S.W.A.G.,https://www.bbb.org/us/tx/canton/profile/plumber/plumber-swag-1075-28143487,(903) 804-0026,"Canton, TX 75103-4259",BBB Rating: A+
Plumber Today,https://www.bbb.org/us/nc/kannapolis/profile/plumber/plumber-today-0473-92028089,(704) 455-7777,"2310 Concord Lake Rd, Kannapolis, NC 28083-7414",BBB Rating: A+
Our Plumber,https://www.bbb.org/us/ct/bridgeport/profile/plumber/our-plumber-0111-17007380,(203) 330-5015,"164 Suburban Ave, Bridgeport, CT 06604-1200",BBB Rating: A+
American Plumber,https://www.bbb.org/us/mo/hazelwood/profile/plumber/american-plumber-0734-1000048356,(314) 551-9521,"1070 Teson Rd # 2, Hazelwood, MO 63042-1381",BBB Rating: A-
Personal Plumber,https://www.bbb.org/us/oh/elyria/profile/plumber/personal-plumber-0312-12002939,(440) 324-4321,"42343 N Ridge Rd, Elyria, OH 44035-1130",BBB Rating: A+
The Neighborhood Plumber,https://www.bbb.org/us/ca/san-jose/profile/plumber/the-neighborhood-plumber-1216-1000003040,(408) 666-1964,"3709 Lynx Ct, San Jose, CA 95136-1424",BBB Rating: A+
The Happy Plumber,https://www.bbb.org/us/md/rosedale/profile/plumber/the-happy-plumber-0011-90186764,(410) 780-3390,"8047 Edgewater Ave, Rosedale, MD 21237-3206",BBB Rating: A+
The People's Plumber,https://www.bbb.org/us/fl/port-charlotte/profile/plumber/the-peoples-plumber-0653-90297170,(941) 423-7473,"Port Charlotte, FL 33981-4017",BBB Rating: A+
The Family Plumber,https://www.bbb.org/us/ca/los-alamitos/profile/plumber/the-family-plumber-1126-13157698,(562) 431-1960,"3613 Briggeman Dr, Los Alamitos, CA 90720-2475",BBB Rating: A+
Bob The Plumber,https://www.bbb.org/us/me/belgrade/profile/plumber/bob-the-plumber-0021-291511,(207) 495-2942,"964 Wings Mills Rd, Belgrade, ME 04917",BBB Rating: A+
The Amazing Plumber,https://www.bbb.org/us/ca/san-jacinto/profile/plumber/the-amazing-plumber-1126-850111617,(951) 287-9692,"San Jacinto, CA 92582-3089",BBB Rating: A+
The Resident Plumber,https://www.bbb.org/us/az/mesa/profile/plumber/the-resident-plumber-1126-1000061668,(480) 452-7980,"Mesa, AZ 85207-3864",BBB Rating: A+
Go To Plumber,https://www.bbb.org/us/fl/west-palm-bch/profile/plumber/go-to-plumber-0633-92042098,(561) 379-1324,"10130 Northlake Blvd Ste 214-167, West Palm Bch, FL 33412-1101",BBB Rating: A+
Mike The Plumber,https://www.bbb.org/us/ar/bull-shoals/profile/drain-cleaning/mike-the-plumber-0935-90398630,(870) 321-4298,"215 Alta Vista Dr, Bull Shoals, AR 72619",BBB Rating: A+
A Proud Plumber,https://www.bbb.org/us/fl/lake-city/profile/plumber/a-proud-plumber-0403-151153414,(386) 438-9635,"21831 47th Dr, Lake City, FL 32024",BBB Rating: A+
Stan the Plumber,https://www.bbb.org/us/ca/tulare/profile/plumber/stan-the-plumber-1126-89016260,(559) 688-1171,"PO Box 276, Tulare, CA 93275-0276",BBB Rating: A+
The Aussie Plumber,https://www.bbb.org/us/az/phoenix/profile/plumber/the-aussie-plumber-1126-1000099494,(602) 820-5551,"4600 E Shea Blvd, Phoenix, AZ 85028",BBB Rating: A+
Paul The Plumber,https://www.bbb.org/us/ne/omaha/profile/plumber/paul-the-plumber-0714-300007279,(402) 596-0200,"Omaha, NE 68122-5030",BBB Rating: A+
The Plumber Guy,https://www.bbb.org/us/az/peoria/profile/plumbing-renovation/the-plumber-guy-1126-9002083,(623) 583-6424,"9162 W Cactus Rd Ste B, Peoria, AZ 85381-5127",BBB Rating: A+
"""Emergency"" Mr. Plumber",https://www.bbb.org/us/oh/toledo/profile/plumber/emergency-mr-plumber-0422-9000481,(419) 419-3122,"2815 Tremainsville Rd, Toledo, OH 43613-2521",BBB Rating: A+
My Plumber Plus,https://www.bbb.org/us/va/manassas/profile/plumber/my-plumber-plus-0241-13406,(703) 367-7900,"6897 Gateway Ct, Manassas, VA 20109-7301",BBB Rating: A+
Your Favorite Plumber,https://www.bbb.org/us/ks/wichita/profile/plumber/your-favorite-plumber-0714-300209516,(316) 390-4517,"7130 W Maple, Wichita, KS 67209",BBB Rating: A+
"Plumber Patrol, Inc.",https://www.bbb.org/us/ca/chatsworth/profile/sewer-cleaning/plumber-patrol-inc-1216-422440,(800) 906-9760,"9842 Owensmouth Ave, Chatsworth, CA 91311-3848",BBB Rating: A+
Expert Plumber Service,https://www.bbb.org/us/az/phoenix/profile/water-heater-repair/expert-plumber-service-1126-87002542,(602) 821-3025,"Valleywide, Phoenix, AZ 85050",BBB Rating: A+
"The Plumber Company, Inc.",https://www.bbb.org/us/ri/providence/profile/plumber/the-plumber-company-inc-0021-116053,(401) 396-9336,"11 S Angell St, Providence, RI 02906-5206",BBB Rating: F
A Perfect Plumber LLC,https://www.bbb.org/us/co/englewood/profile/plumber/a-perfect-plumber-llc-1296-90112807,(720) 375-3900,"3021 S Tejon St, Englewood, CO 80110",BBB Rating: A+
The Family Plumber LLC,https://www.bbb.org/us/az/surprise/profile/plumber/the-family-plumber-llc-1126-1000086753,(623) 738-6171,"Surprise, AZ 85388-5024",BBB Rating: A+
Plumber 24/7 LLC,https://www.bbb.org/us/nc/greensboro/profile/plumber/plumber-247-llc-0503-1000046277,(573) 979-5997,"4201 Evangeline Dr Apt 104, Greensboro, NC 27410-9965",BBB Rating: A+
Request the Best Plumber,https://www.bbb.org/us/ga/gainesville/profile/plumber/request-the-best-plumber-0443-91845908,(470) 813-2716,"Gainesville, GA 30506-5910",BBB Rating: A-
My Buddy The Plumber,https://www.bbb.org/us/ut/draper/profile/plumber/my-buddy-the-plumber-1166-22271553,(801) 381-4471,"12541 S Minuteman Dr, Draper, UT 84020-9541",BBB Rating: C-
The Salty Plumber Company,https://www.bbb.org/us/fl/st-petersburg/profile/plumbing-renovation/the-salty-plumber-company-0653-90442504,(727) 686-1427,"St Petersburg, FL 33708-3464",BBB Rating: A
The Plumber,https://www.bbb.org/us/ga/lithia-springs/profile/plumber/the-plumber-0443-16003363,(770) 941-7411,"3126 Veterans Memorial Hwy, Lithia Springs, GA 30122",BBB Rating: A+
The Plumber,https://www.bbb.org/us/tx/troup/profile/plumber/the-plumber-1075-28030422,(903) 842-4075,"19669 Fm 15, Troup, TX 75789-4700",BBB Rating: A+
The Plumber,https://www.bbb.org/us/tx/pflugerville/profile/plumber/the-plumber-0825-45449,(512) 453-7586,"Pflugerville, TX 78660-3524",BBB Rating: A+
Inspector Plumber 1 Inc,https://www.bbb.org/us/il/east-alton/profile/plumber/inspector-plumber-1-inc-0734-310242416,(618) 466-2199,"979 E Airline Dr, East Alton, IL 62024-2031",BBB Rating: A+
Paul The Plumber,https://www.bbb.org/us/nh/derry/profile/plumber/paul-the-plumber-0051-92002427,(603) 437-7080,"111 Franklin Street Ext, Derry, NH 03038-1455",BBB Rating: A+
The Plumber,https://www.bbb.org/us/ca/sacramento/profile/plumber/the-plumber-1156-90099229,(916) 457-9999,"2114 59th St, Sacramento, CA 95817-1742",BBB Rating: A-
A Plumber,https://www.bbb.org/us/me/south-freeport/profile/plumber/a-plumber-0021-287962,(207) 865-6641,"PO Box 120, South Freeport, ME 04078",BBB Rating: A+
The Plumber,https://www.bbb.org/us/ca/ontario/profile/plumber/the-plumber-1126-100063024,(909) 984-5984,"1758 South Mountain Avenue #C, Ontario, CA 91762",BBB Rating: A+
The Plumber,https://www.bbb.org/us/ne/lincoln/profile/plumber/the-plumber-0714-216001238,(402) 430-3291,"Lincoln, NE 68505",BBB Rating: A+
That Plumber,https://www.bbb.org/us/oh/hartville/profile/plumber/that-plumber-0282-92020251,(330) 494-8054,"2398 Smith Kramer St NE, Hartville, OH 44632-9150",BBB Rating: A+
The Plumber,https://www.bbb.org/us/tx/grapevine/profile/plumber/the-plumber-0825-95120249,(817) 267-6542,"3407 Lookout Court, Grapevine, TX 76051",BBB Rating: A+
The Plumber,https://www.bbb.org/us/ca/oceanside/profile/plumber/the-plumber-1126-1000151894,(760) 317-8423,"Oceanside, CA 92056-5033",BBB Rating: A-
The Plumber,https://www.bbb.org/us/ca/rialto/profile/plumber/the-plumber-1126-850042843,(909) 644-7743,"2834 W Via Bello Dr, Rialto, CA 92377-3525",BBB Rating: A+
"My Plumber Hawaii, Inc.",https://www.bbb.org/us/hi/mililani/profile/plumber/my-plumber-hawaii-inc-1296-53046707,(808) 542-3394,"94-243 Ihumoe Pl, Mililani, HI 96789-2656",BBB Rating: A+
Mark Plummer the Plumber Inc,https://www.bbb.org/us/or/bend/profile/plumber/mark-plummer-the-plumber-inc-1296-23025227,(541) 389-7387,"60195 Agate Rd, Bend, OR 97702-8978",BBB Rating: A
1 Tom Plumber Seattle,https://www.bbb.org/us/wa/woodinville/profile/plumber/1-tom-plumber-seattle-1296-1000162030,(425) 256-3408,"Woodinville, WA 98072-4461",BBB Rating: A
The Plumber,https://www.bbb.org/us/ca/menifee/profile/plumbing-renovation/the-plumber-1126-89085502,(951) 830-7973,"26100 Newport Rd Ste. A12 PMB 421, Menifee, CA 92584",BBB Rating: A+
The Plumber of the Black Hills,https://www.bbb.org/us/sd/belle-fourche/profile/plumber/the-plumber-of-the-black-hills-0714-300092223,(605) 341-4357,"1905 5th Ave # 4, Belle Fourche, SD 57717-2266",BBB Rating: A+
The Plumber,https://www.bbb.org/us/nm/rio-rancho/profile/air-conditioning-contractor/the-plumber-0806-99131945,(505) 507-5154,"2080 Southern Blvd SE, Rio Rancho, NM 87124",BBB Rating: F
Got Plumber?,https://www.bbb.org/us/al/chelsea/profile/plumber/got-plumber-0463-1000010622,(205) 335-8221,"Chelsea, AL 35043",BBB Rating: A+
The Plumbers Plumber,https://www.bbb.org/us/mo/aurora/profile/plumber/the-plumbers-plumber-0734-1000049256,(417) 420-9186,"907 E Kirkwood Dr, Aurora, MO 65605-2731",BBB Rating: A-
Plumber Tom,https://www.bbb.org/us/ga/dacula/profile/plumber/plumber-tom-0443-27501830,(404) 787-2350,"1161 Paiute Ct, Dacula, GA 30019-2594",BBB Rating: A+
Plumber Joe,https://www.bbb.org/us/il/new-lenox/profile/plumber/plumber-joe-0654-88651615,(708) 825-4422,"301 Stonegate Rd, New Lenox, IL 60451-2278",BBB Rating: A+
210 PLUMBER,https://www.bbb.org/us/tx/san-antonio/profile/plumber/210-plumber-0825-1000166075,(210) 758-6237,"9355 Bandera Rd Ste 112, San Antonio, TX 78250",BBB Rating: A+
Mr. Plumber,https://www.bbb.org/us/tx/el-paso/profile/plumber/mr-plumber-0895-99138570,(915) 598-0225,"10615 Quezada, El Paso, TX 79935",BBB Rating: A+
Dear Plumber,https://www.bbb.org/us/tx/del-valle/profile/plumber/dear-plumber-0825-1000198155,(512) 661-9783,"Del Valle, TX 78617-5865",BBB Rating: A+
D'Expert Plumber,https://www.bbb.org/us/ca/daly-city/profile/plumber/dexpert-plumber-1116-440772,(415) 424-8609,"222 Price St, Daly City, CA 94014",BBB Rating: A+
Anytime Plumber,https://www.bbb.org/us/fl/pensacola/profile/plumber/anytime-plumber-0683-90030619,(850) 438-0001,"175 W Airport Blvd, Pensacola, FL 32505-2245",BBB Rating: A+
Mr. Plumber,https://www.bbb.org/us/ma/natick/profile/plumber/mr-plumber-0021-564463,(508) 499-9593,"33 Evergreen Rd, Natick, MA 01760-1632",BBB Rating: C+
California Plumber,https://www.bbb.org/us/ca/hidden-valley-lake/profile/plumber/california-plumber-1116-961061,(707) 987-7307,"20038 Jigsaw Rd, Hidden Valley Lake, CA 95467",BBB Rating: A-
Pink Plumber,https://www.bbb.org/us/va/danville/profile/plumber/pink-plumber-0613-90007074,(434) 251-7172,"3309 Green Hill Drive, Danville, VA 24540",BBB Rating: A+
Mr. Plumber,https://www.bbb.org/us/ga/valdosta/profile/plumber/mr-plumber-0403-235957686,(229) 671-4990,"2419 Treeview Dr, Valdosta, GA 31601-7952",BBB Rating: A+
His Plumber,https://www.bbb.org/us/ga/newnan/profile/plumber/his-plumber-0443-27154457,(770) 252-9966,"20 Tower Way # 1008, Newnan, GA 30265-2792",BBB Rating: A+
Professional Plumber,https://www.bbb.org/us/ca/fresno/profile/plumber/professional-plumber-1126-89087040,(559) 350-3207,"1492 W Magill Ave, Fresno, CA 93711-1431",BBB Rating: A+
Another Plumber,https://www.bbb.org/us/md/germantown/profile/plumber/another-plumber-0241-236084726,(240) 421-9469,"Germantown, MD 20874-5370",BBB Rating: A
Master Plumber,https://www.bbb.org/us/mo/saint-louis/profile/plumber/master-plumber-0734-310611858,(636) 579-0809,"1088 South Taylor, Saint Louis, MO 63110",BBB Rating: A+
Doctor Plumber,https://www.bbb.org/us/mo/marshfield/profile/plumber/doctor-plumber-0734-20421,(417) 859-4504,"405 N White Oak Rd, Marshfield, MO 65706-1629",BBB Rating: A+
Doctor Plumber,https://www.bbb.org/us/pa/warminster/profile/plumber/doctor-plumber-0241-80008166,(215) 676-5588,"811 Stephen Rd, Warminster, PA 18974-3044",BBB Rating: A+
Mr. Plumber,https://www.bbb.org/us/mn/pelican-rapids/profile/plumber/mr-plumber-0704-1000022005,(218) 234-0813,"708 South Broadway, Pelican Rapids, MN 56572",BBB Rating: A+
Tennessee's Plumber,https://www.bbb.org/us/tn/springfield/profile/plumber/tennessees-plumber-0573-37352150,(615) 210-6030,"2404 Ruth St, Springfield, TN 37172-4032",BBB Rating: A+
Mr. Plumber,https://www.bbb.org/us/tx/bulverde/profile/plumber/mr-plumber-0825-20014,(210) 492-2000,"2709 Bulverde Rd, Bulverde, TX 78163-2195",BBB Rating: A+
Purple Plumber,https://www.bbb.org/us/pa/lancaster/profile/plumber/purple-plumber-0241-236026854,(717) 394-9355,"950 Hartman Station Rd, Lancaster, PA 17601-5920",BBB Rating: A+
Hoosier Plumber,https://www.bbb.org/us/in/fortville/profile/plumber/hoosier-plumber-0382-90021621,(317) 223-9276,"Fortville, IN 46040",BBB Rating: A+
Dr. Plumber,https://www.bbb.org/us/tx/lubbock/profile/plumber/dr-plumber-0875-36141,(806) 777-9485,"7315 74th St, Lubbock, TX 79424-5201",BBB Rating: A+
Cheapo Plumber,https://www.bbb.org/us/ca/fairfield/profile/plumber/cheapo-plumber-1116-948367,(707) 631-1835,"1849 New Jersey St, Fairfield, CA 94533-4453",BBB Rating: A+
Z Plumber,https://www.bbb.org/us/ca/los-banos/profile/plumber/z-plumber-1126-850107058,(209) 828-9874,"Los Banos, CA 93635",BBB Rating: A
Emergency Plumber,https://www.bbb.org/us/ms/oxford/profile/plumber/emergency-plumber-0523-10001630,(662) 607-2830,"513 Timber Hollow Ln, Oxford, MS 38655-5894",BBB Rating: A+
"Zippy Plumber, LLC",https://www.bbb.org/us/ga/atlanta/profile/plumber/zippy-plumber-llc-0443-27432605,(404) 989-2110,"Atlanta, GA 30345-3431",BBB Rating: A+
Plunger Plumber,https://www.bbb.org/us/oh/cleveland/profile/plumber/plunger-plumber-0312-92055477,(216) 399-7569,"5265 Commerce Pkwy W, Cleveland, OH 44130-1272",BBB Rating: A+
Village Plumber,https://www.bbb.org/us/mi/ludington/profile/plumber/village-plumber-0372-38117974,(231) 843-2000,"1010 Conrad Industrial Dr, Ludington, MI 49431-2677",BBB Rating: A+
Crown Plumber,https://www.bbb.org/us/va/leesburg/profile/plumber/crown-plumber-0241-235992019,(703) 665-9707,"19358 Wrenbury Ln, Leesburg, VA 20175-8886",BBB Rating: A+
Mr. Plumber,https://www.bbb.org/us/co/denver/profile/plumber/mr-plumber-1296-90136838,(303) 523-6652,"3347 Niagara St, Denver, CO 80207-2213",BBB Rating: A+
Your Plumber,https://www.bbb.org/us/tx/whitehouse/profile/plumber/your-plumber-1075-3002179,(903) 533-1492,"14195 State Highway 110 S, Whitehouse, TX 75791-9383",BBB Rating: A+
Mr. Plumber,https://www.bbb.org/us/ny/new-city/profile/plumber/mr-plumber-0121-162850,(845) 634-3000,"39 S Main St, New City, NY 10956-3562",BBB Rating: F
410 Plumber,https://www.bbb.org/us/md/essex/profile/plumber/410-plumber-0011-90174718/addressId/37963,(410) 687-7586,"919 Back River Neck Rd, Essex, MD 21221-1923",BBB Rating: A+
Sergeant Plumber,https://www.bbb.org/us/tx/aubrey/profile/plumber/sergeant-plumber-0875-91316877,(972) 595-4431,"Aubrey, TX 76227",BBB Rating: A+
Super Plumber,https://www.bbb.org/us/nj/union/profile/plumber/super-plumber-0221-90234832,(800) 468-9283,"1182 Morris Ave, Union, NJ 07083-3301",BBB Rating: D+
Master Plumber,https://www.bbb.org/us/in/indianapolis/profile/plumber/master-plumber-0382-90002136,(317) 359-6898,"1299 S. Sherman Drive, Indianapolis, IN 46203",BBB Rating: A+
Neighborhood Plumber,https://www.bbb.org/us/va/burke/profile/plumber/neighborhood-plumber-0241-7003497,(703) 866-5500,"9756 Rehanek Ct, Burke, VA 22015-4463",BBB Rating: A+
Dr. Plumber,https://www.bbb.org/us/fl/delray-beach/profile/plumber/dr-plumber-0633-5002176,(561) 330-2377,"Serving Palm Beach County, Delray Beach, FL 33444",BBB Rating: A+
Mr Plumber,https://www.bbb.org/us/ca/south-gate/profile/plumber/mr-plumber-1216-1000038451,(323) 348-6421,"South Gate, CA 90280",BBB Rating: D+
Towne Plumber,https://www.bbb.org/us/ga/woodstock/profile/plumber/towne-plumber-0443-27703429,(770) 257-7503,"641 Wedgewood Dr, Woodstock, GA 30189-6161",BBB Rating: A+
City Plumber,https://www.bbb.org/us/ca/san-diego/profile/plumber/city-plumber-1126-1000112638,(619) 742-2704,"1001 Garnet Ave Ste 200, San Diego, CA 92109",BBB Rating: A+
"The Plumber, Inc.",https://www.bbb.org/us/id/idaho-falls/profile/plumber/the-plumber-inc-1296-1000012139,(208) 851-1140,"Idaho Falls, ID 83401",BBB Rating: A+
Dr. Plumber,https://www.bbb.org/us/wi/franklin/profile/plumber/dr-plumber-0694-44025786,(414) 698-4528,"6818 S Dory Dr, Franklin, WI 53132-8354",BBB Rating: A+
Your Plumber Heating & Air,https://www.bbb.org/us/az/flagstaff/profile/plumbing-and-heating/your-plumber-heating-air-1126-1000044514,(928) 774-1015,"Flagstaff, AZ 86001-0942",BBB Rating: A+
Dallas Plumber,https://www.bbb.org/us/tx/bedford/profile/plumber/dallas-plumber-0825-1000193169,(682) 900-4100,"Bedford, TX 76021-3700",BBB Rating: A+
Affordable Plumber,https://www.bbb.org/us/ca/montebello/profile/plumber/affordable-plumber-1216-13220260,(323) 728-0261,"508 N Forbes Ave, Montebello, CA 90640-3732",BBB Rating: A+
Plumber Links,https://www.bbb.org/us/tx/abilene/profile/plumber/plumber-links-0795-43794,(325) 313-3256,"4750 Royal Court Circle, Abilene, TX 79606",BBB Rating: A-
Mr. Plumber,https://www.bbb.org/us/al/cullman/profile/plumber/mr-plumber-0513-900083309,(256) 739-1226,"81 County Road 1477, Cullman, AL 35058-2019",BBB Rating: A+
My Plumber,https://www.bbb.org/us/az/buckeye/profile/plumber/my-plumber-1126-1000086104,(623) 556-3409,"Buckeye, AZ 85326-8987",BBB Rating: A+
Platinum Plumber,https://www.bbb.org/us/tn/maryville/profile/plumber/platinum-plumber-0533-90043521,(865) 773-9493,"Maryville, TN 37803-3403",BBB Rating: A-
Plumber Up,https://www.bbb.org/us/ca/hesperia/profile/plumber/plumber-up-1126-850107042,(626) 488-3211,"6821 Oak Hill Rd, Hesperia, CA 92344",BBB Rating: A
